<?xml version="1.0" encoding="UTF-8"?>
<Configuration status="warn">
    <Properties>
        <Property name="basePath">C:\\logs</Property>
        <Property name="filePrefix">adss-java-assessment</Property>
    </Properties>
 
    <Appenders>
        <RollingFile name="fileLogger" fileName="${basePath}/${filePrefix}.log" filePattern="${basePath}/${filePrefix}-%d{yyyy-MM-dd}.log">
            <PatternLayout>
                <pattern>[%-5level] [Line %L] %d{yyyy-MM-dd HH:mm:ss.SSS} [%t] %c{1} - %msg%n</pattern>
            </PatternLayout>
            <Policies>
                <OnStartupTriggeringPolicy />
                <SizeBasedTriggeringPolicy size="2000KB" />
                <TimeBasedTriggeringPolicy interval="1" modulate="true" />
            </Policies>
        </RollingFile>
 
        <Console name="console" target="SYSTEM_OUT">
            <PatternLayout   pattern="[%-5level] [Line %L] %d{yyyy-MM-dd HH:mm:ss.SSS} [%t] %c{1} - %msg%n" />
        </Console>
    </Appenders>
    <Loggers>
        <Logger name="adsstest" level="debug" additivity="true">
            <appender-ref ref="fileLogger" level="debug" />
        </Logger>
        <Root level="debug" additivity="false">
            <appender-ref ref="console" />
        </Root>
    </Loggers>
</Configuration>